<?xml version="1.0" encoding="UTF-8"?>
<configuration>
    <property name="LOG_DIR" value="./"/>
    <property name="LOG_FILE_NAME" value="mylog"/>

    <appender name="CONSOLE" class="ch.qos.logback.core.ConsoleAppender">
        <encoder>
            <Pattern> %d{yyyy-MM-dd HH:mm:ss.SSS} %highlight(%-5level) %magenta(%-4relative) --- [ %thread{10} ] %cyan(%logger{20}) : %msg%n </Pattern>
        </encoder>
    </appender>

    <appender name="FILE" class="ch.qos.logback.core.rolling.RollingFileAppender">
        <file>${LOG_DIR}/${LOG_FILE_NAME}.log</file>
        <rollingPolicy class="ch.qos.logback.core.rolling.SizeAndTimeBasedRollingPolicy">
            <fileNamePattern>${LOG_DIR}/${LOG_FILE_NAME}-%d{yyyy-MM-dd}.%i.log.gz</fileNamePattern>
            <maxFileSize>10MB</maxFileSize>
            <maxHistory>30</maxHistory>
        </rollingPolicy>
        <encoder>
            <pattern> [%thread] %-5level %logger{36} - %msg%n</pattern>
        </encoder>
    </appender>
    <logger name="org.springframework" level="info"/>
    <logger name="org.hibernate" level="info"/>

    <root level="info">
        <appender-ref ref="CONSOLE"/>
        <appender-ref ref="FILE"/>
    </root>
</configuration>